application_status,is_open_now,priority_tier,deadline_label,days_left,participation_deadline,participation_deadline_at,next_deadline,commercial_score,urgency,importance,change_type,opportunity_type,category,buyer_segments,title,source_name,license_mode,source_updated,detected_at,status_checked_at,url
受付中,True,高優先,残り12日,12,2026-09-02,2026-09-02T17:00+09:00,2026-09-02,87,52,80,added,受注機会,入札・調達,士業・補助金支援 / 入札・公共調達,【公募型プロポーザル】横浜市青葉区の居住に関する魅力記事制作掲載業務委託,横浜市 入札・契約,website-rss,"Mon, 17 Aug 2026 04:00:00 GMT",2026-08-17T08:10:13+00:00,2026-08-21T10:53:44+00:00,https://www.city.yokohama.lg.jp/business/nyusatsu/kakukukyoku/2026/itaku/aoba/miryoku_kiji.html
受付中,True,受付中,残り10日,10,2026-08-31,2026-08-31T17:00+09:00,2026-08-31,59,52,56,baseline,資金・支援,補助金・支援,士業・補助金支援 / 法人営業,【第１期申請受付中】【中東情勢の変化や米国の関税措置等による影響を受ける市内中小企業が対象】展示会出展費用助成金の募集を開始します,横浜市 中小企業支援,website-rss,"Wed, 12 Aug 2026 07:00:00 GMT",2026-08-12T19:21:36+00:00,2026-08-21T10:53:44+00:00,https://www.city.yokohama.lg.jp/business/kigyoshien/keieishien/kaihatsu/tenjikai/tennjikaijyosei.html
結果掲載済,False,,,,2026-08-03,2026-08-03T23:59+09:00,,100,52,91,updated,受注機会,入札・調達,士業・補助金支援 / 法人営業 / 入札・公共調達,【入札結果】【公募型指名競争入札】瀬谷区総合庁舎における食料及び飲料自動販売機設置事業者募集について,横浜市 入札・契約,website-rss,"Tue, 18 Aug 2026 00:00:00 GMT",2026-08-18T03:12:55+00:00,2026-08-21T10:53:44+00:00,https://www.city.yokohama.lg.jp/business/nyusatsu/kakukukyoku/2026/sonota/seya/zidouhanbaiki.html
結果掲載済,False,,,,2026-07-28,2026-07-28T17:00+09:00,,100,52,91,baseline,受注機会,入札・調達,不動産・建設 / 士業・補助金支援 / 入札・公共調達 / 地域メディア,【公募型プロポーザル】「Live！横浜2027（仮称）」グランモール公園会場イベント企画制作・運営等業務委託（※本件はLive!横浜実行委員会が公募する案件です）,横浜市 入札・契約,website-rss,"Tue, 21 Jul 2026 08:00:00 GMT",2026-08-12T19:21:36+00:00,2026-08-21T10:53:44+00:00,https://www.city.yokohama.lg.jp/business/nyusatsu/kakukukyoku/2026/itaku/bunka/R8GMkouen.html
参加締切済,False,,,,2026-06-05,2026-06-05T17:00+09:00,,95,52,86,baseline,受注機会,入札・調達,士業・補助金支援 / 入札・公共調達,【公募型プロポーザル】事業評価制度推進支援業務委託,横浜市 入札・契約,website-rss,"Mon, 18 May 2026 03:00:00 GMT",2026-08-12T19:21:36+00:00,2026-08-21T10:53:44+00:00,https://www.city.yokohama.lg.jp/business/nyusatsu/kakukukyoku/2027/itaku/zaisei/jigyouhyouka.html
資格者のみ進行中,False,,,,2026-07-31,2026-07-31T17:00+09:00,2026-08-28,95,52,91,baseline,受注機会,入札・調達,士業・補助金支援 / 入札・公共調達 / 地域メディア,【特定調達契約に係る公募型プロポーザル】学校への再生可能エネルギー等導入事業（令和８年度公募）,横浜市 入札・契約,website-rss,"Tue, 14 Jul 2026 01:00:00 GMT",2026-08-12T19:21:36+00:00,2026-08-21T10:53:44+00:00,https://www.city.yokohama.lg.jp/business/nyusatsu/kakukukyoku/2026/denryoku/green/gakkouppa4.html
参加締切済,False,,,,2026-06-12,2026-06-12T17:00+09:00,,95,52,86,baseline,受注機会,入札・調達,不動産・建設 / 士業・補助金支援 / 入札・公共調達,【質問回答掲載】【公募型プロポーザル】（仮称）新根岸地区土地利用検討業務委託,横浜市 入札・契約,website-rss,"Wed, 01 Jul 2026 02:00:00 GMT",2026-08-12T19:21:36+00:00,2026-08-21T10:53:44+00:00,https://www.city.yokohama.lg.jp/business/nyusatsu/kakukukyoku/2026/sekkei/toshi/r8negishitochiriyou.html
結果掲載済,False,,,,2026-08-17,2026-08-17T17:00+09:00,,87,82,80,baseline,受注機会,入札・調達,士業・補助金支援 / 入札・公共調達,【入札参加申込締切日時等変更】【公募型指名競争入札】学習動画アイデアに関する動画作成業務委託,横浜市 入札・契約,website-rss,"Fri, 07 Aug 2026 05:00:00 GMT",2026-08-12T19:21:36+00:00,2026-08-21T10:53:44+00:00,https://www.city.yokohama.lg.jp/business/nyusatsu/kakukukyoku/2026/itaku/kyoiku/gakushuudouga.html
結果掲載済,False,,,,2026-04-23,2026-04-23T23:59+09:00,,87,52,80,baseline,受注機会,入札・調達,士業・補助金支援 / 入札・公共調達,【入札結果公表】【公募型指名競争入札】令和８年度横浜市中央職業訓練校 訓練業務委託（ＩＴ・デジタル技術活用科）,横浜市 入札・契約,website-rss,"Thu, 07 May 2026 07:00:00 GMT",2026-08-12T19:21:36+00:00,2026-08-21T10:53:44+00:00,https://www.city.yokohama.lg.jp/business/nyusatsu/kakukukyoku/2026/itaku/keizai/kunrenitaku.html
結果掲載済,False,,,,2026-07-28,2026-07-28T17:00+09:00,,87,52,80,baseline,受注機会,入札・調達,士業・補助金支援 / 入札・公共調達,【公募型プロポーザル】「Live！横浜2027（仮称）」クイーン軸会場公募ステージ企画制作・運営等業務委託（※本件はLive！横浜実行委員会が公募する案件です）,横浜市 入札・契約,website-rss,"Tue, 21 Jul 2026 08:00:00 GMT",2026-08-12T19:21:36+00:00,2026-08-21T10:53:44+00:00,https://www.city.yokohama.lg.jp/business/nyusatsu/kakukukyoku/2026/itaku/bunka/R8queens.html
結果掲載済,False,,,,2026-08-04,2026-08-04T17:00+09:00,,87,52,86,baseline,受注機会,入札・調達,士業・補助金支援 / 入札・公共調達,【公募型プロポーザル】令和８年度 公共施設の窓を活用した次世代型太陽電池実装モデル業務委託,横浜市 入札・契約,website-rss,"Tue, 28 Jul 2026 01:00:00 GMT",2026-08-12T19:21:36+00:00,2026-08-21T10:53:44+00:00,https://www.city.yokohama.lg.jp/business/nyusatsu/kakukukyoku/2026/itaku/green/pvc.html
資格者のみ進行中,False,,,,2026-08-07,2026-08-07T23:59+09:00,2026-08-27,87,52,80,baseline,受注機会,入札・調達,士業・補助金支援 / 入札・公共調達,【公募型プロポーザル】令和９年度 横浜市要介護認定業務委託,横浜市 入札・契約,website-rss,"Wed, 29 Jul 2026 00:00:00 GMT",2026-08-12T19:21:36+00:00,2026-08-21T10:53:44+00:00,https://www.city.yokohama.lg.jp/business/nyusatsu/kakukukyoku/2027/itaku/kenko/R9kaigoninteiitaku.html
結果掲載済,False,,,,2026-08-18,2026-08-18T17:00+09:00,,87,52,80,baseline,受注機会,入札・調達,士業・補助金支援 / 入札・公共調達,【公募型プロポーザル】在宅医療領域における医療DX推進に向けたデジタル技術活用実証業務委託,横浜市 入札・契約,website-rss,"Thu, 06 Aug 2026 00:00:00 GMT",2026-08-12T19:21:36+00:00,2026-08-21T10:53:44+00:00,https://www.city.yokohama.lg.jp/business/nyusatsu/kakukukyoku/2026/itaku/iryo/iryoDXdigital.html
参加締切済,False,,,,2026-06-05,2026-06-05T17:00+09:00,,87,52,80,baseline,受注機会,入札・調達,士業・補助金支援 / 入札・公共調達,【公募型プロポーザル】高速鉄道１・３号線駅業務委託（下飯田駅ほか）,横浜市 入札・契約,website-rss,"Mon, 18 May 2026 07:00:00 GMT",2026-08-12T19:21:36+00:00,2026-08-21T10:53:44+00:00,https://www.city.yokohama.lg.jp/business/nyusatsu/kakukukyoku/2026/itaku/koutuu/propo1.html
参加締切済,False,,,,2026-06-05,2026-06-05T17:00+09:00,,87,52,80,baseline,受注機会,入札・調達,士業・補助金支援 / 入札・公共調達,【公募型プロポーザル】高速鉄道３号線駅業務委託（高島町駅ほか）,横浜市 入札・契約,website-rss,"Mon, 18 May 2026 07:00:00 GMT",2026-08-12T19:21:36+00:00,2026-08-21T10:53:44+00:00,https://www.city.yokohama.lg.jp/business/nyusatsu/kakukukyoku/2026/itaku/koutuu/propo3.html
参加締切済,False,,,,2026-06-05,2026-06-05T17:00+09:00,,87,52,80,baseline,受注機会,入札・調達,士業・補助金支援 / 入札・公共調達,【公募型プロポーザル】高速鉄道４号線駅業務委託（中山駅ほか）,横浜市 入札・契約,website-rss,"Mon, 18 May 2026 07:00:00 GMT",2026-08-12T19:21:36+00:00,2026-08-21T10:53:44+00:00,https://www.city.yokohama.lg.jp/business/nyusatsu/kakukukyoku/2026/itaku/koutuu/propo4.html
結果掲載済,False,,,,2026-04-16,2026-04-16T17:00+09:00,,87,52,86,baseline,受注機会,入札・調達,士業・補助金支援 / 入札・公共調達,【契約結果掲載】【公募型プロポーザル】令和８年度BIツールを活用した地域公共交通施策の効果検証業務委託,横浜市 入札・契約,website-rss,"Thu, 30 Jul 2026 09:00:00 GMT",2026-08-12T19:21:36+00:00,2026-08-21T10:53:44+00:00,https://www.city.yokohama.lg.jp/business/nyusatsu/kakukukyoku/2026/itaku/doro/dotrafficpropo.html
結果掲載済,False,,,,2026-04-30,2026-04-30T17:00+09:00,,87,52,80,baseline,受注機会,入札・調達,士業・補助金支援 / 入札・公共調達,【特定結果掲載】【公募型プロポーザル】少年自然の家に関する利用促進策等提案業務委託,横浜市 入札・契約,website-rss,"Mon, 15 Jun 2026 08:00:00 GMT",2026-08-12T19:21:36+00:00,2026-08-21T10:53:44+00:00,https://www.city.yokohama.lg.jp/business/nyusatsu/kakukukyoku/2026/itaku/kyoiku/shizennoie.html
結果掲載済,False,,,,,,,87,52,86,baseline,受注機会,入札・調達,士業・補助金支援 / 入札・公共調達,【質問回答掲載】【公募型プロポーザル】AIオンライン手続ナビの導入及び運用・保守業務委託,横浜市 入札・契約,website-rss,"Fri, 29 May 2026 05:00:00 GMT",2026-08-12T19:21:36+00:00,2026-08-21T10:53:44+00:00,https://www.city.yokohama.lg.jp/business/nyusatsu/kakukukyoku/2026/itaku/zaisei/r8aionline.html
結果掲載済,False,,,,,,,87,52,80,baseline,受注機会,入札・調達,士業・補助金支援 / 入札・公共調達,【質問回答掲載】【公募型プロポーザル】GREEN×EXPO 2027来場者向け展示物 （資源循環の可視化・カーボンリサイクル）に関する企画・制作業務委託,横浜市 入札・契約,website-rss,"Fri, 26 Jun 2026 06:00:00 GMT",2026-08-12T19:21:36+00:00,2026-08-21T10:53:44+00:00,https://www.city.yokohama.lg.jp/business/nyusatsu/kakukukyoku/2026/itaku/green/greenexpo2027junkan.html
結果掲載済,False,,,,2026-07-01,2026-07-01T23:59+09:00,,87,52,80,baseline,受注機会,入札・調達,士業・補助金支援 / 入札・公共調達,【質問回答掲載】【公募型プロポーザル】令和８年度 依存症対策事業広報・啓発等企画運営委託,横浜市 入札・契約,website-rss,"Thu, 16 Jul 2026 07:00:00 GMT",2026-08-12T19:21:36+00:00,2026-08-21T10:53:44+00:00,https://www.city.yokohama.lg.jp/business/nyusatsu/kakukukyoku/2026/itaku/kenko/R8_izon_kohokeihatsu.html
資格者のみ進行中,False,,,,2026-06-23,2026-06-23T17:00+09:00,2026-08-26,87,52,80,baseline,受注機会,入札・調達,士業・補助金支援 / 入札・公共調達,【質問回答掲載】【公募型プロポーザル】都心臨海部における象徴的なみどり空間の創出基本計画等検討業務委託,横浜市 入札・契約,website-rss,"Mon, 06 Jul 2026 02:00:00 GMT",2026-08-12T19:21:36+00:00,2026-08-21T10:53:44+00:00,https://www.city.yokohama.lg.jp/business/nyusatsu/kakukukyoku/2026/itaku/toshi/syouchoumidori.html
結果掲載済,False,,,,2026-08-07,2026-08-07T17:00+09:00,,87,52,80,baseline,受注機会,入札・調達,士業・補助金支援 / 入札・公共調達,【質問回答掲載】【公募型指名競争入札】横浜市学力・学習状況調査 本調査（令和９年５月実施）CBT 調査問題セット等業務委託,横浜市 入札・契約,website-rss,"Wed, 05 Aug 2026 06:00:00 GMT",2026-08-12T19:21:36+00:00,2026-08-21T10:53:44+00:00,https://www.city.yokohama.lg.jp/business/nyusatsu/kakukukyoku/2026/itaku/kyoiku/r9gakuzyocbtset.html
結果掲載済,False,,,,2026-06-19,2026-06-19T17:00+09:00,,87,52,80,baseline,受注機会,入札・調達,士業・補助金支援 / 入札・公共調達,【質問回答書掲載】【公募型プロポーザル】知的障害者等にわかりやすい資料等の表現見直し業務委託,横浜市 入札・契約,website-rss,"Thu, 02 Jul 2026 05:00:00 GMT",2026-08-12T19:21:36+00:00,2026-08-21T10:53:44+00:00,https://www.city.yokohama.lg.jp/business/nyusatsu/kakukukyoku/2026/itaku/kenko/wakariyasui2026.html
判定不可,,,,,,,,85,52,74,added,受注機会,入札・調達,士業・補助金支援 / 法人営業 / 入札・公共調達 / 地域メディア,【記者発表】PPAによる学校への再生可能エネルギー等導入事業 （令和８年度公募）の実施事業者を公募型プロポーザルで選定します,横浜市 市政情報,website-rss,"Tue, 14 Jul 2026 01:00:00 GMT",2026-08-14T09:44:46+00:00,2026-08-21T10:53:44+00:00,https://www.city.yokohama.lg.jp/city-info/koho-kocho/press/green/2026/0714ppagakko.html
案件外,,,,,,,,80,10,67,baseline,開発・不動産,都市・不動産,不動産・建設 / 地域メディア,◇生活と環境（緑・公園、用途地域、道路、学校、環境、自治会・町内会、ごみ、消防、警察、防災、自動車、市営地下鉄、文化施設）,横浜市オープンデータ,cc-by-4.0,2026-04-16T05:33:45.421134,2026-08-12T19:21:36+00:00,2026-08-21T10:53:44+00:00,https://data.city.yokohama.lg.jp/dataset/tsuzuki_opendata3
判定不可,,,,,,,,77,52,68,baseline,受注機会,入札・調達,士業・補助金支援 / 入札・公共調達,【入札結果掲載】【公募型指名競争入札】区役所庁用車等任意保険契約,横浜市 入札・契約,website-rss,"Wed, 10 Jun 2026 01:00:00 GMT",2026-08-12T19:21:36+00:00,2026-08-21T10:53:44+00:00,https://www.city.yokohama.lg.jp/business/nyusatsu/kakukukyoku/2026/sonota/shimin/tyouyousya2026.html
判定不可,,,,,,,,77,10,74,baseline,受注機会,補助金・支援,不動産・建設 / 士業・補助金支援 / 入札・公共調達 / 地域メディア,横浜市公共建築物マネジメント白書,横浜市オープンデータ,cc-by-4.0,2026-04-08T09:04:24.026474,2026-08-12T19:21:36+00:00,2026-08-21T10:53:44+00:00,https://data.city.yokohama.lg.jp/dataset/zaisei_manejiment_hakusho
結果掲載済,False,,,,2026-06-25,2026-06-25T23:59+09:00,,69,52,62,baseline,受注機会,入札・調達,士業・補助金支援 / 入札・公共調達,【入札結果公表】【公募型指名競争入札】南部市場水産仲卸ほか照明設備修繕,横浜市 入札・契約,website-rss,"Thu, 02 Jul 2026 04:00:00 GMT",2026-08-12T19:21:36+00:00,2026-08-21T10:53:44+00:00,https://www.city.yokohama.lg.jp/business/nyusatsu/kakukukyoku/2026/syuzen/keizai/nannbu_syoumei.html
結果掲載済,False,,,,2026-06-25,2026-06-25T23:59+09:00,,69,52,62,baseline,受注機会,入札・調達,士業・補助金支援 / 入札・公共調達,【入札結果公表】【公募型指名競争入札】横浜市中央卸売市場本場青果部保冷庫防熱扉ほか修繕,横浜市 入札・契約,website-rss,"Thu, 02 Jul 2026 04:00:00 GMT",2026-08-12T19:21:36+00:00,2026-08-21T10:53:44+00:00,https://www.city.yokohama.lg.jp/business/nyusatsu/kakukukyoku/2026/syuzen/keizai/seika_horeitobira.html
資格者のみ進行中,False,,,,2026-06-29,2026-06-29T17:00+09:00,2026-11-18,69,52,62,baseline,受注機会,入札・調達,士業・補助金支援 / 入札・公共調達,【電子入札に移行】【取下】【公募型見積合わせ】港南区地域振興課公用車１台のリースについて,横浜市 入札・契約,website-rss,"Fri, 12 Jun 2026 00:00:00 GMT",2026-08-12T19:21:36+00:00,2026-08-21T10:53:44+00:00,https://www.city.yokohama.lg.jp/business/nyusatsu/kakukukyoku/2026/chintai/konan/r8kochishin_kuruma.html
案件外,,,,,,,,67,10,44,baseline,開発・不動産,都市・不動産,不動産・建設 / 地域メディア,都市計画道路の整備状況,横浜市オープンデータ,cc-by-4.0,2026-07-24T04:48:27.262715,2026-08-12T19:21:36+00:00,2026-08-21T10:53:44+00:00,https://data.city.yokohama.lg.jp/dataset/doro_tokeidou
案件外,,,,,,,,59,10,44,baseline,開発・不動産,都市・不動産,不動産・建設 / 地域メディア,21大都市都市計画道路進捗状況,横浜市オープンデータ,cc-by-4.0,2026-05-07T06:04:23.896612,2026-08-12T19:21:36+00:00,2026-08-21T10:53:44+00:00,https://data.city.yokohama.lg.jp/dataset/doro_21toshijyoukyou
判定不可,,,,,,,,59,10,44,baseline,資金・支援,補助金・支援,士業・補助金支援,【記者発表】がん患者向け助成制度のオンライン申請を拡大します！,横浜市 市政情報,website-rss,"Tue, 28 Jul 2026 05:00:00 GMT",2026-08-12T19:21:36+00:00,2026-08-21T10:53:44+00:00,https://www.city.yokohama.lg.jp/city-info/koho-kocho/press/iryo/2026/0728online.html
案件外,,,,,,,,51,46,44,baseline,受注機会,入札・調達,法人営業 / 入札・公共調達,【総務局】会計年度任用職員（入札参加資格審査に係る事務補助等）（令和８年10月１日採用）,横浜市 市政情報,website-rss,"Fri, 07 Aug 2026 06:00:00 GMT",2026-08-12T19:21:36+00:00,2026-08-21T10:53:44+00:00,https://www.city.yokohama.lg.jp/city-info/saiyo-jinji/sonota-boshu/kaikeinendoninyou/zaisei/2.html
案件外,,,,,,,,51,46,44,baseline,受注機会,入札・調達,法人営業 / 入札・公共調達,【総務局】会計年度任用職員（入札参加資格審査に係る審査事務等）（令和８年10月１日採用）,横浜市 市政情報,website-rss,"Fri, 07 Aug 2026 06:00:00 GMT",2026-08-12T19:21:36+00:00,2026-08-21T10:53:44+00:00,https://www.city.yokohama.lg.jp/city-info/saiyo-jinji/sonota-boshu/kaikeinendoninyou/zaisei/1.html
結果掲載済,False,,,,2026-02-09,2026-02-09T23:59+09:00,,51,10,44,baseline,受注機会,入札・調達,入札・公共調達,【契約結果公表】職員業務基盤の最適化に係るシステム全体構成・方針設計業務委託,横浜市 入札・契約,website-rss,"Thu, 21 May 2026 03:00:00 GMT",2026-08-12T19:21:36+00:00,2026-08-21T10:53:44+00:00,https://www.city.yokohama.lg.jp/business/nyusatsu/kakukukyoku/2026/itaku/digital/granddesign2.html
判定不可,,,,,,,,51,10,44,baseline,受注機会,入札・調達,入札・公共調達,【記者発表】三機工業株式会社・日本下水道事業団・横浜市による 「脱炭素化に資する MABR 併用型活性汚泥法」が上下水道一体革新的技術実証事業に採択され、 国土交通省国土技術政策総合研究所と委託研究契約を締結しました,横浜市 市政情報,website-rss,"Fri, 31 Jul 2026 01:00:00 GMT",2026-08-12T19:21:36+00:00,2026-08-21T10:53:44+00:00,https://www.city.yokohama.lg.jp/city-info/koho-kocho/press/gesui/2026/0731mabrsaitaku.html
